<?xml version="1.0" encoding="utf-8"?>
<feed xmlns="http://www.w3.org/2005/Atom">
    <title type="text" xml:lang="en">Blog 4</title>
    <link type="application/atom+xml" href="http://www.example.com/blog4/atom.xml" rel="self"/>
    <link type="text" href="http://garron.me" rel="alternate"/>
    <updated>2014-03-25T00:13:57-04:00</updated>
    <id>http://example.com</id>
    <author>
        <name>Guillermo Garron</name>
    </author>
    <rights>Copyright (c) 2010-2011 Guillermo Garron</rights>
    
    
    
    
    
    
    
    
    
    
    
    
    
    
    
    
    
</feed>
